to,name,year
0xC4D6756AC441e70B52BEb0098505f309D856C4b6,monad1,1
0xC4D6756AC441e70B52BEb0098505f309D856C4b6,monad2,1
0xC4D6756AC441e70B52BEb0098505f309D856C4b6,monad3,1
0xC4D6756AC441e70B52BEb0098505f309D856C4b6,monad4,1
0xC4D6756AC441e70B52BEb0098505f309D856C4b6,monad5,1
0xC4D6756AC441e70B52BEb0098505f309D856C4b6,monad6,1
0xC4D6756AC441e70B52BEb0098505f309D856C4b6,monad7,1
0xC4D6756AC441e70B52BEb0098505f309D856C4b6,monad8,1
0xC4D6756AC441e70B52BEb0098505f309D856C4b6,monad9,1
0xC4D6756AC441e70B52BEb0098505f309D856C4b6,monad10,1
0xC4D6756AC441e70B52BEb0098505f309D856C4b6,monad11,1
0xC4D6756AC441e70B52BEb0098505f309D856C4b6,monad12,1
0xC4D6756AC441e70B52BEb0098505f309D856C4b6,monad13,1
0xC4D6756AC441e70B52BEb0098505f309D856C4b6,monad14,1
0xC4D6756AC441e70B52BEb0098505f309D856C4b6,monad15,1
0xC4D6756AC441e70B52BEb0098505f309D856C4b6,monad16,1
0xC4D6756AC441e70B52BEb0098505f309D856C4b6,monad17,1
0xC4D6756AC441e70B52BEb0098505f309D856C4b6,monad18,1
0xC4D6756AC441e70B52BEb0098505f309D856C4b6,monad19,1
0xC4D6756AC441e70B52BEb0098505f309D856C4b6,monad20,1